INITIALIZATION
CREATE TABLE _AGGREGATION_FUNC(ID INT, NUM INT, PRICE FLOAT, ADDR CHAR, BIRTHDAY DATE);
SUCCESS

INSERT INTO _AGGREGATION_FUNC VALUES (1, 18, 10.0, 'ABC', '2020-01-01');
SUCCESS
INSERT INTO _AGGREGATION_FUNC VALUES (2, 15, 20.0, 'ABC', '2010-01-11');
SUCCESS
INSERT INTO _AGGREGATION_FUNC VALUES (3, 12, 30.0, 'DEF', '2021-01-21');
SUCCESS
INSERT INTO _AGGREGATION_FUNC VALUES (4, 15, 30.0, 'DEI', '2021-01-31');
SUCCESS

1. AGGREGATION
SELECT MIN(NUM) AS M1, MAX(NUM) AS M2, AVG(NUM) AS M3 FROM _AGGREGATION_FUNC;
M1 | M2 | M3
12 | 18 | 15

2. SELECT-TABLES
CREATE TABLE _SELECT_TABLES_1(ID INT, AGE INT, U_NAME CHAR);
SUCCESS
CREATE TABLE _SELECT_TABLES_2(ID INT, AGE INT, U_NAME CHAR);
SUCCESS
CREATE TABLE _SELECT_TABLES_3(ID INT, RES INT, U_NAME CHAR);
SUCCESS
CREATE TABLE _SELECT_TABLES_4(ID INT, AGE INT, U_NAME CHAR);
SUCCESS
CREATE TABLE _SELECT_TABLES_5(ID INT, RES INT, U_NAME CHAR);
SUCCESS

INSERT INTO _SELECT_TABLES_1 VALUES (1,18,'A');
SUCCESS
INSERT INTO _SELECT_TABLES_1 VALUES (2,15,'B');
SUCCESS
INSERT INTO _SELECT_TABLES_2 VALUES (1,20,'A');
SUCCESS
INSERT INTO _SELECT_TABLES_2 VALUES (2,21,'C');
SUCCESS
INSERT INTO _SELECT_TABLES_3 VALUES (1,35,'A');
SUCCESS
INSERT INTO _SELECT_TABLES_3 VALUES (2,37,'A');
SUCCESS
INSERT INTO _SELECT_TABLES_4 VALUES (1, 2, 'A');
SUCCESS
INSERT INTO _SELECT_TABLES_4 VALUES (1, 3, 'B');
SUCCESS
INSERT INTO _SELECT_TABLES_4 VALUES (2, 2, 'C');
SUCCESS
INSERT INTO _SELECT_TABLES_4 VALUES (2, 4, 'D');
SUCCESS
INSERT INTO _SELECT_TABLES_5 VALUES (1, 10, 'G');
SUCCESS
INSERT INTO _SELECT_TABLES_5 VALUES (1, 11, 'F');
SUCCESS
INSERT INTO _SELECT_TABLES_5 VALUES (2, 12, 'C');
SUCCESS

SELECT * FROM _SELECT_TABLES_1 AS S1, _SELECT_TABLES_2 AS S2, _SELECT_TABLES_3 AS S3;
1 | 18 | A | 1 | 20 | A | 1 | 35 | A
1 | 18 | A | 1 | 20 | A | 2 | 37 | A
1 | 18 | A | 2 | 21 | C | 1 | 35 | A
1 | 18 | A | 2 | 21 | C | 2 | 37 | A
2 | 15 | B | 1 | 20 | A | 1 | 35 | A
2 | 15 | B | 1 | 20 | A | 2 | 37 | A
2 | 15 | B | 2 | 21 | C | 1 | 35 | A
2 | 15 | B | 2 | 21 | C | 2 | 37 | A
S1.ID | S1.AGE | S1.U_NAME | S2.ID | S2.AGE | S2.U_NAME | S3.ID | S3.RES | S3.U_NAME
SELECT S1.ID, S2.U_NAME, S3.RES FROM _SELECT_TABLES_1 AS S1, _SELECT_TABLES_2 AS S2, _SELECT_TABLES_3 AS S3;
1 | A | 35
1 | A | 37
1 | C | 35
1 | C | 37
2 | A | 35
2 | A | 37
2 | C | 35
2 | C | 37
S1.ID | S2.U_NAME | S3.RES
SELECT S1.RES FROM _SELECT_TABLES_1 AS S1, _SELECT_TABLES_2 AS S2, _SELECT_TABLES_3 AS S3;
FAILURE
SELECT * FROM _SELECT_TABLES_1 AS S1, _SELECT_TABLES_2 AS S2, _SELECT_TABLES_3 AS S3 WHERE _SELECT_TABLES_1.U_NAME=_SELECT_TABLES_2.U_NAME AND _SELECT_TABLES_2.U_NAME=_SELECT_TABLES_3.U_NAME;
1 | 18 | A | 1 | 20 | A | 1 | 35 | A
1 | 18 | A | 1 | 20 | A | 2 | 37 | A
S1.ID | S1.AGE | S1.U_NAME | S2.ID | S2.AGE | S2.U_NAME | S3.ID | S3.RES | S3.U_NAME

3. JOIN EMPTY TABLE
CREATE TABLE _SELECT_TABLES_6(ID INT, RES INT);
SUCCESS
SELECT S1.ID, S6.ID FROM _SELECT_TABLES_1 AS S1, _SELECT_TABLES_6 AS S6 WHERE _SELECT_TABLES_1.ID=_SELECT_TABLES_6.ID;
S1.ID | S6.ID
