CREATE TABLE FUNCTION(T TEXT, C CHAR, D DATE, F FLOAT);
SUCCESS
INSERT INTO FUNCTION VALUES ('THIS IS A TEXT', 'THIS IS CHARS', '2020-02-10', 123.222);
SUCCESS

CREATE TABLE FT(ID INT, NAME TEXT);
SUCCESS
CREATE TABLE FT2(ID INT, NAME TEXT);
SUCCESS

INSERT INTO FT VALUES (1, '123');
SUCCESS
INSERT INTO FT VALUES (2, '1234');
SUCCESS
INSERT INTO FT2 VALUES (3, '12');
SUCCESS
INSERT INTO FT2 VALUES (4, '234');
SUCCESS

1. LENGTH
SELECT LENGTH('THIS IS A STRING');
LENGTH(THIS IS A STRING)
16
SELECT LENGTH(T) FROM FUNCTION WHERE LENGTH(T)>5;
LENGTH(T)
14
SELECT LENGTH(C) FROM FUNCTION WHERE LENGTH(C)>2;
LENGTH(C)
4
SELECT FT.ID, FT.NAME, FT2.ID, FT2.NAME FROM FT, FT2 WHERE LENGTH(FT.NAME) > LENGTH(FT2.NAME);
FT.ID | FT.NAME | FT2.ID | FT2.NAME
1 | 123 | 3 | 12
2 | 1234 | 3 | 12
2 | 1234 | 4 | 234

2. ROUND
SELECT ROUND(235.415);
ROUND(235.41)
235
SELECT ROUND(F, 2) FROM FUNCTION;
ROUND(F, 2)
123.22

3. LENGTH
SELECT DATE_FORMAT(D,'%Y-%Y-%M-%M-%D-%D') FROM FUNCTION;
DATE_FORMAT(D, %Y-%Y-%M-%M-%D-%D)
2020-20-FEBRUARY-02-10TH-10
