INITIALIZATION
CREATE TABLE TYPECAST_TABLE (ID INT, NAME CHAR, YEAR FLOAT);
SUCCESS
INSERT INTO TYPECAST_TABLE VALUES (0, 'A', 3.2);
SUCCESS
INSERT INTO TYPECAST_TABLE VALUES (1, 'B', 12);
SUCCESS
INSERT INTO TYPECAST_TABLE VALUES (2, '12', 2);
SUCCESS
INSERT INTO TYPECAST_TABLE VALUES (3, '1.5', 3);
SUCCESS
INSERT INTO TYPECAST_TABLE VALUES (4.4, '1.5', 3);
SUCCESS
INSERT INTO TYPECAST_TABLE VALUES (4.5, '1.5', 3);
SUCCESS

0. ENSURE INSERT SUCCESSFUL
SELECT * FROM TYPECAST_TABLE;
ID | NAME | YEAR
0 | A | 3.2
1 | B | 12
2 | 12 | 2
3 | 1.5 | 3
4 | 1.5 | 3
5 | 1.5 | 3

1. STRING TO INT
SELECT * FROM TYPECAST_TABLE WHERE ID = '1';
ID | NAME | YEAR
1 | B | 12

2. STRING TRUNCATE TO INT
SELECT * FROM TYPECAST_TABLE WHERE ID = '1A1';
ID | NAME | YEAR
1 | B | 12

3. STRING TO INT ZERO
SELECT * FROM TYPECAST_TABLE WHERE ID = '+1';
FAILED TO PARSE SQL

4. STRING TO FLOAT
SELECT * FROM TYPECAST_TABLE WHERE YEAR = '12';
ID | NAME | YEAR
1 | B | 12

5. STRING TRUNCATE TO FLOAT
SELECT * FROM TYPECAST_TABLE WHERE YEAR = '3.2A';
ID | NAME | YEAR
0 | A | 3.2

5. INT TO FLOAT
SELECT * FROM TYPECAST_TABLE WHERE YEAR = 12;
ID | NAME | YEAR
1 | B | 12

6. INT TO STRING
SELECT * FROM TYPECAST_TABLE WHERE NAME = 12;
ID | NAME | YEAR
2 | 12 | 2

7. FLOAT TO STRING
SELECT * FROM TYPECAST_TABLE WHERE NAME = 1.5;
ID | NAME | YEAR
3 | 1.5 | 3
4 | 1.5 | 3
5 | 1.5 | 3

8. FLOAT STRING TO INT
SELECT * FROM TYPECAST_TABLE WHERE ID < '1.5A';
ID | NAME | YEAR
0 | A | 3.2
1 | B | 12

9. COMPARE STRING AND OTHERS
CREATE TABLE TYPECAST_TABLE_4 (A INT, B INT, C INT);
SUCCESS
INSERT INTO TYPECAST_TABLE_4 VALUES(1,1,1);
SUCCESS
SELECT * FROM TYPECAST_TABLE_4 WHERE 'A'<1;
A | B | C
1 | 1 | 1
SELECT * FROM TYPECAST_TABLE_4 WHERE '1A'>0;
A | B | C
1 | 1 | 1
SELECT * FROM TYPECAST_TABLE_4 WHERE '1A'>0.5;
A | B | C
1 | 1 | 1
